id,series,subject,grade,term,year,publisher,type,title,pages,paper_count,unit_price,no_cover_price,has_cover,companion_of,file
1,التأسيس,رياضيات,1,1,2027,المتميزون,كتاب,التأسيس - رياضيات - الصف الأول الابتدائي - الترم الأول - 2027 - المتميزون - الصف الاول الابتدائي الصف الاول الابتدائي الصف الاول الابتدائي.pdf,242,121,98.65,78.65,True,,library\Grade_01\التأسيس - رياضيات - الصف الأول الابتدائي - الترم الأول - 2027 - المتميزون - الصف الاول الابتدائي الصف الاول الابتدائي.pdf
2,,,1,1,2027,المتميزون,كتاب,الصف الأول الابتدائي - الترم الأول - 2027 - المتميزون - الصف الاول الابتدائي الصف الاول الابتدائي الصف الاول الابتدائي سندباد رياضه.pdf,288,144,113.6,93.6,True,,library\Grade_01\الصف الأول الابتدائي - الترم الأول - 2027 - المتميزون - الصف الاول الابتدائي الصف الاول الابتدائي سندباد رياضه.pdf
3,,رياضيات,1,1,2027,المتميزون,كتاب,رياضيات - الصف الأول الابتدائي - الترم الأول - 2027 - المتميزون - الصف الاول الابتدائي الصف الاول الابتدائي الصف الاول الابتدائي الابرار.pdf,301,150,117.5,97.5,True,,library\Grade_01\رياضيات - الصف الأول الابتدائي - الترم الأول - 2027 - المتميزون - الصف الاول الابتدائي الصف الاول الابتدائي الابرار.pdf
4,,رياضيات,1,1,2027,المتميزون,كتاب,رياضيات - الصف الأول الابتدائي - الترم الأول - 2027 - المتميزون - الصف الاول الابتدائي الصف الاول الابتدائي الصف الاول الابتدائي قطر.pdf,226,113,93.45,73.45,True,,library\Grade_01\رياضيات - الصف الأول الابتدائي - الترم الأول - 2027 - المتميزون - الصف الاول الابتدائي الصف الاول الابتدائي قطر.pdf
5,سلاح التلميذ,,1,1,2027,المتميزون,كتاب,سلاح التلميذ - الصف الأول الابتدائي - الترم الأول - 2027 - المتميزون - الصف الاول الابتدائي الصف الاول الابتدائي الصف الاول الابتدائي دين 1.pdf,114,57,57.05,37.05,True,,library\Grade_01\سلاح التلميذ - الصف الأول الابتدائي - الترم الأول - 2027 - المتميزون - الصف الاول الابتدائي الصف الاول الابتدائي دين 1.pdf
6,سلاح التلميذ,انجليزي,1,1,2027,المتميزون,كتاب,سلاح التلميذ - انجليزي - الصف الأول الابتدائي - الترم الأول - 2027 - المتميزون - الصف الاول الابتدائي الصف الاول الابتدائي الصف الاول الابتدائي.pdf,274,137,109.05,89.05,True,,library\Grade_01\سلاح التلميذ - انجليزي - الصف الأول الابتدائي - الترم الأول - 2027 - المتميزون - الصف الاول الابتدائي الصف الاول الابتدائي.pdf
7,سلاح التلميذ,رياضيات,1,1,2027,المتميزون,كتاب,سلاح التلميذ - رياضيات - الصف الأول الابتدائي - الترم الأول - 2027 - المتميزون - الصف الاول الابتدائي الصف الاول الابتدائي الصف الاول الابتدائي.pdf,290,145,114.25,94.25,True,,library\Grade_01\سلاح التلميذ - رياضيات - الصف الأول الابتدائي - الترم الأول - 2027 - المتميزون - الصف الاول الابتدائي الصف الاول الابتدائي.pdf
8,,عربي,1,1,2027,المتميزون,كتاب,عربي - الصف الأول الابتدائي - الترم الأول - 2027 - المتميزون - الصف الاول الابتدائي الصف الاول الابتدائي الصف الاول الابتدائي الابرار.pdf,276,138,109.7,89.7,True,,library\Grade_01\عربي - الصف الأول الابتدائي - الترم الأول - 2027 - المتميزون - الصف الاول الابتدائي الصف الاول الابتدائي الابرار.pdf
9,,عربي,1,1,2027,المتميزون,كتاب,عربي - الصف الأول الابتدائي - الترم الأول - 2027 - المتميزون - الصف الاول الابتدائي الصف الاول الابتدائي الصف الاول الابتدائي الاستاذ.pdf,337,168,129.2,109.2,True,,library\Grade_01\عربي - الصف الأول الابتدائي - الترم الأول - 2027 - المتميزون - الصف الاول الابتدائي الصف الاول الابتدائي الاستاذ.pdf
10,,عربي,1,1,2027,المتميزون,كتاب,عربي - الصف الأول الابتدائي - الترم الأول - 2027 - المتميزون - الصف الاول الابتدائي الصف الاول الابتدائي الصف الاول الابتدائي سندباد.pdf,304,152,118.8,98.8,True,,library\Grade_01\عربي - الصف الأول الابتدائي - الترم الأول - 2027 - المتميزون - الصف الاول الابتدائي الصف الاول الابتدائي سندباد.pdf
11,,عربي,1,1,2027,المتميزون,كتاب,عربي - الصف الأول الابتدائي - الترم الأول - 2027 - المتميزون - الصف الاول الابتدائي الصف الاول الابتدائي الصف الاول الابتدائي قطر.pdf,282,141,111.65,91.65,True,,library\Grade_01\عربي - الصف الأول الابتدائي - الترم الأول - 2027 - المتميزون - الصف الاول الابتدائي الصف الاول الابتدائي قطر.pdf
12,قطر الندى,,1,1,2027,المتميزون,كتاب,قطر الندى - الصف الأول الابتدائي - الترم الأول - 2027 - المتميزون - الصف الاول الابتدائي الصف الاول الابتدائي الصف الاول الابتدائي دين.pdf,98,49,51.85,31.85,True,,library\Grade_01\قطر الندى - الصف الأول الابتدائي - الترم الأول - 2027 - المتميزون - الصف الاول الابتدائي الصف الاول الابتدائي دين.pdf
13,التأسيس,رياضيات,1,1,2027,المتميزون,ملحق,ملحق التأسيس - رياضيات - الصف الأول الابتدائي - الترم الأول - 2027 - المتميزون - الصف الاول الابتدائي الصف الاول الابتدائي الصف الاول الابتدائي.pdf,50,25,36.25,16.25,True,1,library\Grade_01\ملحق التأسيس - رياضيات - الصف الأول الابتدائي - الترم الأول - 2027 - المتميزون - الصف الاول الابتدائي الصف الاول الابتدائي.pdf
14,,عربي,1,1,2027,المتميزون,ملحق,ملحق عربي - الصف الأول الابتدائي - الترم الأول - 2027 - المتميزون - الصف الاول الابتدائي الصف الاول الابتدائي الصف الاول الابتدائي الاستاذ.pdf,49,24,35.6,15.6,True,8,library\Grade_01\ملحق عربي - الصف الأول الابتدائي - الترم الأول - 2027 - المتميزون - الصف الاول الابتدائي الصف الاول الابتدائي الاستاذ.pdf
15,الاضواء,عربي,2,1,2027,,كتاب,الاضواء - عربي - الصف الثاني الابتدائي - الترم الأول - 2027.pdf,288,144,113.6,93.6,True,,library\Grade_02\الاضواء - عربي - الصف الثاني الابتدائي - الترم الأول - 2027.pdf
16,التأسيس,عربي,2,1,2027,المتميزون,كتاب,التأسيس - عربي - الصف الثاني الابتدائي - الترم الأول - 2027 - المتميزون.pdf,226,113,93.45,73.45,True,,library\Grade_02\التأسيس - عربي - الصف الثاني الابتدائي - الترم الأول - 2027 - المتميزون.pdf
17,الشاطر,عربي,2,1,2027,المتميزون,كتاب,الشاطر - عربي - الصف الثاني الابتدائي - الترم الأول - 2027 - المتميزون.pdf,226,113,93.45,73.45,True,,library\Grade_02\الشاطر - عربي - الصف الثاني الابتدائي - الترم الأول - 2027 - المتميزون.pdf
18,,,2,1,2027,,كتاب,الصف الثاني الابتدائي - الترم الأول - 2027 - قواعد النحو والاملاء للصف الثاني الابتدائي.pdf,38,19,32.35,12.35,True,,library\Grade_02\الصف الثاني الابتدائي - الترم الأول - 2027 - قواعد النحو والاملاء للصف الثاني الابتدائي.pdf
19,سلاح التلميذ,,2,1,2027,المتميزون,كتاب,سلاح التلميذ - الصف الثاني الابتدائي - الترم الأول - 2027 - المتميزون - دين.pdf,130,65,62.25,42.25,True,,library\Grade_02\سلاح التلميذ - الصف الثاني الابتدائي - الترم الأول - 2027 - المتميزون - دين.pdf
20,سلاح التلميذ,انجليزي,2,1,2027,المتميزون,كتاب,سلاح التلميذ - انجليزي - الصف الثاني الابتدائي - الترم الأول - 2027 - المتميزون.pdf,274,137,109.05,89.05,True,,library\Grade_02\سلاح التلميذ - انجليزي - الصف الثاني الابتدائي - الترم الأول - 2027 - المتميزون.pdf
21,سلاح التلميذ,رياضيات,2,1,2027,المتميزون,كتاب,سلاح التلميذ - رياضيات - الصف الثاني الابتدائي - الترم الأول - 2027 - المتميزون.pdf,274,137,109.05,89.05,True,,library\Grade_02\سلاح التلميذ - رياضيات - الصف الثاني الابتدائي - الترم الأول - 2027 - المتميزون.pdf
22,سلاح التلميذ,عربي,2,1,2027,المتميزون,كتاب,سلاح التلميذ - عربي - الصف الثاني الابتدائي - الترم الأول - 2027 - المتميزون.pdf,258,129,103.85,83.85,True,,library\Grade_02\سلاح التلميذ - عربي - الصف الثاني الابتدائي - الترم الأول - 2027 - المتميزون.pdf
23,,عربي,2,1,2027,المتميزون,كتاب,عربي - الصف الثاني الابتدائي - الترم الأول - 2027 - المتميزون - الاستاذ.pdf,414,207,154.55,134.55,True,,library\Grade_02\عربي - الصف الثاني الابتدائي - الترم الأول - 2027 - المتميزون - الاستاذ.pdf
24,,عربي,2,1,2027,المتميزون,كتاب,عربي - الصف الثاني الابتدائي - الترم الأول - 2027 - المتميزون - قطر.pdf,266,133,106.45,86.45,True,,library\Grade_02\عربي - الصف الثاني الابتدائي - الترم الأول - 2027 - المتميزون - قطر.pdf
25,,عربي,2,1,,,كتاب,عربي - الصف الثاني الابتدائي - الترم الأول - بوكليت منهج اللغه ال ه للصف الثاني الابتدائي.pdf,49,24,35.6,15.6,True,,library\Grade_02\عربي - الصف الثاني الابتدائي - الترم الأول - بوكليت منهج اللغه ال ه للصف الثاني الابتدائي.pdf
26,قطر الندى,,2,1,2027,المتميزون,كتاب,قطر الندى - الصف الثاني الابتدائي - الترم الأول - 2027 - المتميزون - دين.pdf,106,53,54.45,34.45,True,,library\Grade_02\قطر الندى - الصف الثاني الابتدائي - الترم الأول - 2027 - المتميزون - دين.pdf
27,قطر الندى,رياضيات,2,1,2027,,كتاب,قطر الندى - رياضيات - الصف الثاني الابتدائي - الترم الأول - 2027.pdf,282,141,111.65,91.65,True,,library\Grade_02\قطر الندى - رياضيات - الصف الثاني الابتدائي - الترم الأول - 2027.pdf
28,التأسيس,عربي,2,1,2027,المتميزون,ملحق,ملحق التأسيس - عربي - الصف الثاني الابتدائي - الترم الأول - 2027 - المتميزون.pdf,50,25,36.25,16.25,True,16,library\Grade_02\ملحق التأسيس - عربي - الصف الثاني الابتدائي - الترم الأول - 2027 - المتميزون.pdf
29,,عربي,2,1,2027,المتميزون,ملحق,ملحق عربي - الصف الثاني الابتدائي - الترم الأول - 2027 - المتميزون - الاستاذ.pdf,99,50,52.5,32.5,True,23,library\Grade_02\ملحق عربي - الصف الثاني الابتدائي - الترم الأول - 2027 - المتميزون - الاستاذ.pdf
30,الاضواء,رياضيات,3,1,2027,المتميزون,كتاب,الاضواء - رياضيات - الصف الثالث الابتدائي - الترم الأول - 2027 - المتميزون.pdf,216,108,90.2,70.2,True,,library\Grade_03\الاضواء - رياضيات - الصف الثالث الابتدائي - الترم الأول - 2027 - المتميزون.pdf
31,الاضواء,عربي,3,1,2027,المتميزون,كتاب,الاضواء - عربي - الصف الثالث الابتدائي - الترم الأول - 2027 - المتميزون.pdf,242,121,98.65,78.65,True,,library\Grade_03\الاضواء - عربي - الصف الثالث الابتدائي - الترم الأول - 2027 - المتميزون.pdf
32,الاضواء,عربي,3,1,2027,,كتاب,الاضواء - عربي - الصف الثالث الابتدائي - الترم الأول - 2027.pdf,99,50,52.5,32.5,True,,library\Grade_03\الاضواء - عربي - الصف الثالث الابتدائي - الترم الأول - 2027.pdf
33,التأسيس,رياضيات,3,1,2027,,كتاب,التأسيس - رياضيات - الصف الثالث الابتدائي - الترم الأول - 2027.pdf,258,129,103.85,83.85,True,,library\Grade_03\التأسيس - رياضيات - الصف الثالث الابتدائي - الترم الأول - 2027.pdf
34,التأسيس,عربي,3,1,2027,المتميزون,كتاب,التأسيس - عربي - الصف الثالث الابتدائي - الترم الأول - 2027 - المتميزون.pdf,242,121,98.65,78.65,True,,library\Grade_03\التأسيس - عربي - الصف الثالث الابتدائي - الترم الأول - 2027 - المتميزون.pdf
35,,,3,1,2027,,كتاب,الصف الثالث الابتدائي - الترم الأول - 2027 - رياضه.pdf,118,59,58.35,38.35,True,,library\Grade_03\الصف الثالث الابتدائي - الترم الأول - 2027 - رياضه.pdf
36,المعاصر,انجليزي,3,1,2027,المتميزون,كتاب,المعاصر - انجليزي - الصف الثالث الابتدائي - الترم الأول - 2027 - المتميزون.pdf,298,149,116.85,96.85,True,,library\Grade_03\المعاصر - انجليزي - الصف الثالث الابتدائي - الترم الأول - 2027 - المتميزون.pdf
37,جيم,,3,1,2027,المتميزون,كتاب,جيم - الصف الثالث الابتدائي - الترم الأول - 2027 - المتميزون.pdf,266,133,106.45,86.45,True,,library\Grade_03\جيم - الصف الثالث الابتدائي - الترم الأول - 2027 - المتميزون.pdf
38,سلاح التلميذ,,3,1,2027,المتميزون,كتاب,سلاح التلميذ - الصف الثالث الابتدائي - الترم الأول - 2027 - المتميزون - دين.pdf,162,81,72.65,52.65,True,,library\Grade_03\سلاح التلميذ - الصف الثالث الابتدائي - الترم الأول - 2027 - المتميزون - دين.pdf
39,سلاح التلميذ,انجليزي,3,1,2027,المتميزون,كتاب,سلاح التلميذ - انجليزي - الصف الثالث الابتدائي - الترم الأول - 2027 - المتميزون.pdf,288,144,113.6,93.6,True,,library\Grade_03\سلاح التلميذ - انجليزي - الصف الثالث الابتدائي - الترم الأول - 2027 - المتميزون.pdf
40,سلاح التلميذ,رياضيات,3,1,2027,المتميزون,كتاب,سلاح التلميذ - رياضيات - الصف الثالث الابتدائي - الترم الأول - 2027 - المتميزون.pdf,272,136,108.4,88.4,True,,library\Grade_03\سلاح التلميذ - رياضيات - الصف الثالث الابتدائي - الترم الأول - 2027 - المتميزون.pdf
41,سلاح التلميذ,عربي,3,1,2027,المتميزون,كتاب,سلاح التلميذ - عربي - الصف الثالث الابتدائي - الترم الأول - 2027 - المتميزون.pdf,240,120,98.0,78.0,True,,library\Grade_03\سلاح التلميذ - عربي - الصف الثالث الابتدائي - الترم الأول - 2027 - المتميزون.pdf
42,,عربي,3,1,2027,المتميزون,كتاب,عربي - الصف الثالث الابتدائي - الترم الأول - 2027 - المتميزون - الاستاذ.pdf,406,203,151.95,131.95,True,,library\Grade_03\عربي - الصف الثالث الابتدائي - الترم الأول - 2027 - المتميزون - الاستاذ.pdf
43,الاضواء,رياضيات,3,1,2027,المتميزون,ملحق,ملحق الاضواء - رياضيات - الصف الثالث الابتدائي - الترم الأول - 2027 - المتميزون.pdf,80,40,46.0,26.0,True,30,library\Grade_03\ملحق الاضواء - رياضيات - الصف الثالث الابتدائي - الترم الأول - 2027 - المتميزون.pdf
44,الاضواء,عربي,3,1,2027,المتميزون,ملحق,ملحق الاضواء - عربي - الصف الثالث الابتدائي - الترم الأول - 2027 - المتميزون.pdf,98,49,51.85,31.85,True,31,library\Grade_03\ملحق الاضواء - عربي - الصف الثالث الابتدائي - الترم الأول - 2027 - المتميزون.pdf
45,التأسيس,رياضيات,3,1,2027,المتميزون,ملحق,ملحق التأسيس - رياضيات - الصف الثالث الابتدائي - الترم الأول - 2027 - المتميزون.pdf,34,17,31.05,11.05,True,33,library\Grade_03\ملحق التأسيس - رياضيات - الصف الثالث الابتدائي - الترم الأول - 2027 - المتميزون.pdf
46,التأسيس,عربي,3,1,2027,المتميزون,ملحق,ملحق التأسيس - عربي - الصف الثالث الابتدائي - الترم الأول - 2027 - المتميزون.pdf,50,25,36.25,16.25,True,34,library\Grade_03\ملحق التأسيس - عربي - الصف الثالث الابتدائي - الترم الأول - 2027 - المتميزون.pdf
47,الشاطر,عربي,3,1,2027,,ملحق,ملحق الشاطر - عربي - الصف الثالث الابتدائي - الترم الأول - 2027 - 1.pdf,82,41,46.65,26.65,True,159,library\Grade_03\ملحق الشاطر - عربي - الصف الثالث الابتدائي - الترم الأول - 2027 - 1.pdf
48,جيم,انجليزي,3,1,2027,المتميزون,ملحق,ملحق جيم - انجليزي - الصف الثالث الابتدائي - الترم الأول - 2027 - المتميزون.pdf,74,37,44.05,24.05,True,,library\Grade_03\ملحق جيم - انجليزي - الصف الثالث الابتدائي - الترم الأول - 2027 - المتميزون.pdf
49,سلاح التلميذ,انجليزي,3,1,2027,المتميزون,ملحق,ملحق سلاح التلميذ - انجليزي - الصف الثالث الابتدائي - الترم الأول - 2027 - المتميزون.pdf,98,49,51.85,31.85,True,39,library\Grade_03\ملحق سلاح التلميذ - انجليزي - الصف الثالث الابتدائي - الترم الأول - 2027 - المتميزون.pdf
50,الامتحان,عربي,4,1,2027,المتميزون,كتاب,الامتحان - عربي - الصف الرابع الابتدائي - الترم الأول - 2027 - المتميزون.pdf,274,137,109.05,89.05,True,,library\Grade_04\الامتحان - عربي - الصف الرابع الابتدائي - الترم الأول - 2027 - المتميزون.pdf
51,سلاح التلميذ,,4,1,2027,المتميزون,كتاب,سلاح التلميذ - الصف الرابع الابتدائي - الترم الأول - 2027 - المتميزون - دين.pdf,178,89,77.85,57.85,True,,library\Grade_04\سلاح التلميذ - الصف الرابع الابتدائي - الترم الأول - 2027 - المتميزون - دين.pdf
52,سلاح التلميذ,,4,1,2027,المتميزون,كتاب,سلاح التلميذ - الصف الرابع الابتدائي - الترم الأول - 2027 - المتميزون - كمبيوتر.pdf,130,65,62.25,42.25,True,,library\Grade_04\سلاح التلميذ - الصف الرابع الابتدائي - الترم الأول - 2027 - المتميزون - كمبيوتر.pdf
53,سلاح التلميذ,انجليزي,4,1,2027,المتميزون,كتاب,سلاح التلميذ - انجليزي - الصف الرابع الابتدائي - الترم الأول - 2027 - المتميزون.pdf,274,137,109.05,89.05,True,,library\Grade_04\سلاح التلميذ - انجليزي - الصف الرابع الابتدائي - الترم الأول - 2027 - المتميزون.pdf
54,سلاح التلميذ,علوم,4,1,2027,المتميزون,كتاب,سلاح التلميذ - علوم - الصف الرابع الابتدائي - الترم الأول - 2027 - المتميزون.pdf,210,105,88.25,68.25,True,,library\Grade_04\سلاح التلميذ - علوم - الصف الرابع الابتدائي - الترم الأول - 2027 - المتميزون.pdf
55,قطر الندى,دراسات,4,1,2027,المتميزون,كتاب,قطر الندى - دراسات - الصف الرابع الابتدائي - الترم الأول - 2027 - المتميزون.pdf,234,117,96.05,76.05,True,,library\Grade_04\قطر الندى - دراسات - الصف الرابع الابتدائي - الترم الأول - 2027 - المتميزون.pdf
56,الامتحان,عربي,4,1,2027,المتميزون,ملحق,ملحق الامتحان - عربي - الصف الرابع الابتدائي - الترم الأول - 2027 - المتميزون.pdf,212,106,88.9,68.9,True,50,library\Grade_04\ملحق الامتحان - عربي - الصف الرابع الابتدائي - الترم الأول - 2027 - المتميزون.pdf
57,سلاح التلميذ,انجليزي,4,1,2027,المتميزون,ملحق,ملحق سلاح التلميذ - انجليزي - الصف الرابع الابتدائي - الترم الأول - 2027 - المتميزون.pdf,98,49,51.85,31.85,True,53,library\Grade_04\ملحق سلاح التلميذ - انجليزي - الصف الرابع الابتدائي - الترم الأول - 2027 - المتميزون.pdf
58,سلاح التلميذ,عربي,4,1,2027,المتميزون,ملحق,ملحق سلاح التلميذ - عربي - الصف الرابع الابتدائي - الترم الأول - 2027 - المتميزون.pdf,130,65,62.25,42.25,True,,library\Grade_04\ملحق سلاح التلميذ - عربي - الصف الرابع الابتدائي - الترم الأول - 2027 - المتميزون.pdf
59,الاضواء,,5,1,2027,,كتاب,الاضواء - الصف الخامس الابتدائي - الترم الأول - 2027 - رياضه.pdf,208,104,87.6,67.6,True,,library\Grade_05\الاضواء - الصف الخامس الابتدائي - الترم الأول - 2027 - رياضه.pdf
60,الاضواء,عربي,5,1,2027,,كتاب,الاضواء - عربي - الصف الخامس الابتدائي - الترم الأول - 2027.pdf,288,144,113.6,93.6,True,,library\Grade_05\الاضواء - عربي - الصف الخامس الابتدائي - الترم الأول - 2027.pdf
61,التأسيس,دراسات,5,1,2027,,كتاب,التأسيس - دراسات - الصف الخامس الابتدائي - الترم الأول - 2027.pdf,210,105,88.25,68.25,True,,library\Grade_05\التأسيس - دراسات - الصف الخامس الابتدائي - الترم الأول - 2027.pdf
62,التأسيس,عربي,5,1,2027,,كتاب,التأسيس - عربي - الصف الخامس الابتدائي - الترم الأول - 2027.pdf,258,129,103.85,83.85,True,,library\Grade_05\التأسيس - عربي - الصف الخامس الابتدائي - الترم الأول - 2027.pdf
63,الشاطر,رياضيات,5,1,2027,,كتاب,الشاطر - رياضيات - الصف الخامس الابتدائي - الترم الأول - 2027.pdf,274,137,109.05,89.05,True,,library\Grade_05\الشاطر - رياضيات - الصف الخامس الابتدائي - الترم الأول - 2027.pdf
64,الشاطر,عربي,5,1,2027,,كتاب,الشاطر - عربي - الصف الخامس الابتدائي - الترم الأول - 2027.pdf,226,113,93.45,73.45,True,,library\Grade_05\الشاطر - عربي - الصف الخامس الابتدائي - الترم الأول - 2027.pdf
65,,,5,1,2027,المتميزون,كتاب,الصف الخامس الابتدائي - الترم الأول - 2027 - المتميزون - بت باي بت.pdf,210,105,88.25,68.25,True,,library\Grade_05\الصف الخامس الابتدائي - الترم الأول - 2027 - المتميزون - بت باي بت.pdf
66,,,5,1,2027,,كتاب,الصف الخامس الابتدائي - الترم الأول - 2027 - تاسيس القواعد النحويه + مقرر ا سمير.pdf,62,31,40.15,20.15,True,,library\Grade_05\الصف الخامس الابتدائي - الترم الأول - 2027 - تاسيس القواعد النحويه + مقرر ا سمير.pdf
67,,,5,1,2027,,كتاب,الصف الخامس الابتدائي - الترم الأول - 2027 - حل كتاب المدرسه خامسه ابتدائي Mr Mohamed Said.pdf,112,56,56.4,36.4,True,,library\Grade_05\الصف الخامس الابتدائي - الترم الأول - 2027 - حل كتاب المدرسه خامسه ابتدائي Mr Mohamed Said.pdf
68,المعاصر,انجليزي,5,1,2027,المتميزون,كتاب,المعاصر - انجليزي - الصف الخامس الابتدائي - الترم الأول - 2027 - المتميزون.pdf,274,137,109.05,89.05,True,,library\Grade_05\المعاصر - انجليزي - الصف الخامس الابتدائي - الترم الأول - 2027 - المتميزون.pdf
69,المعاصر,انجليزي,5,,,,كتاب,المعاصر - انجليزي - الصف الخامس الابتدائي - حل الوحده الاولي كامله من كتاب لغه ه للصف الخامس.pdf,21,10,26.5,6.5,True,,library\Grade_05\المعاصر - انجليزي - الصف الخامس الابتدائي - حل الوحده الاولي كامله من كتاب لغه ه للصف الخامس.pdf
70,جيم,انجليزي,5,1,2027,,كتاب,جيم - انجليزي - الصف الخامس الابتدائي - الترم الأول - 2027.pdf,256,128,103.2,83.2,True,,library\Grade_05\جيم - انجليزي - الصف الخامس الابتدائي - الترم الأول - 2027.pdf
71,,,5,,2027,,حلول,حلول الصف الخامس الابتدائي - 2027 - +تقييمات+خامسه+ابتدائي+الترم+الاول+ +Mr +Mohamed+Said 1.pdf,69,34,42.1,22.1,True,,library\Grade_05\حلول الصف الخامس الابتدائي - 2027 - +تقييمات+خامسه+ابتدائي+الترم+الاول+ +Mr +Mohamed+Said 1.pdf
72,سلاح التلميذ,,5,1,2027,المتميزون,كتاب,سلاح التلميذ - الصف الخامس الابتدائي - الترم الأول - 2027 - المتميزون - دين.pdf,178,89,77.85,57.85,True,,library\Grade_05\سلاح التلميذ - الصف الخامس الابتدائي - الترم الأول - 2027 - المتميزون - دين.pdf
73,سلاح التلميذ,,5,1,2027,المتميزون,كتاب,سلاح التلميذ - الصف الخامس الابتدائي - الترم الأول - 2027 - المتميزون - كمبيوتر.pdf,130,65,62.25,42.25,True,,library\Grade_05\سلاح التلميذ - الصف الخامس الابتدائي - الترم الأول - 2027 - المتميزون - كمبيوتر.pdf
74,سلاح التلميذ,دراسات,5,1,2027,,كتاب,سلاح التلميذ - دراسات - الصف الخامس الابتدائي - الترم الأول - 2027.pdf,290,145,114.25,94.25,True,,library\Grade_05\سلاح التلميذ - دراسات - الصف الخامس الابتدائي - الترم الأول - 2027.pdf
75,سلاح التلميذ,رياضيات,5,1,2027,,كتاب,سلاح التلميذ - رياضيات - الصف الخامس الابتدائي - الترم الأول - 2027.pdf,290,145,114.25,94.25,True,,library\Grade_05\سلاح التلميذ - رياضيات - الصف الخامس الابتدائي - الترم الأول - 2027.pdf
76,سلاح التلميذ,رياضيات,5,1,,المتميزون,كتاب,سلاح التلميذ - رياضيات - الصف الخامس الابتدائي - الترم الأول - المتميزون.pdf,290,145,114.25,94.25,True,,library\Grade_05\سلاح التلميذ - رياضيات - الصف الخامس الابتدائي - الترم الأول - المتميزون.pdf
77,سلاح التلميذ,عربي,5,1,2027,,كتاب,سلاح التلميذ - عربي - الصف الخامس الابتدائي - الترم الأول - 2027.pdf,274,137,109.05,89.05,True,,library\Grade_05\سلاح التلميذ - عربي - الصف الخامس الابتدائي - الترم الأول - 2027.pdf
78,سلاح التلميذ,علوم,5,1,2027,المتميزون,كتاب,سلاح التلميذ - علوم - الصف الخامس الابتدائي - الترم الأول - 2027 - المتميزون - ‎⁨ ⁩.pdf,210,105,88.25,68.25,True,,library\Grade_05\سلاح التلميذ - علوم - الصف الخامس الابتدائي - الترم الأول - 2027 - المتميزون - ‎⁨ ⁩.pdf
79,سلاح التلميذ,علوم,5,1,2027,المتميزون,كتاب,سلاح التلميذ - علوم - الصف الخامس الابتدائي - الترم الأول - 2027 - المتميزون.pdf,210,105,88.25,68.25,True,,library\Grade_05\سلاح التلميذ - علوم - الصف الخامس الابتدائي - الترم الأول - 2027 - المتميزون.pdf
80,قطر الندى,دراسات,5,1,2027,المتميزون,كتاب,قطر الندى - دراسات - الصف الخامس الابتدائي - الترم الأول - 2027 - المتميزون.pdf,234,117,96.05,76.05,True,,library\Grade_05\قطر الندى - دراسات - الصف الخامس الابتدائي - الترم الأول - 2027 - المتميزون.pdf
81,الاضواء,,5,1,2027,,ملحق,ملحق الاضواء - الصف الخامس الابتدائي - الترم الأول - 2027 - رياضه.pdf,82,41,46.65,26.65,True,59,library\Grade_05\ملحق الاضواء - الصف الخامس الابتدائي - الترم الأول - 2027 - رياضه.pdf
82,الاضواء,عربي,5,1,2027,,ملحق,ملحق الاضواء - عربي - الصف الخامس الابتدائي - الترم الأول - 2027.pdf,98,49,51.85,31.85,True,60,library\Grade_05\ملحق الاضواء - عربي - الصف الخامس الابتدائي - الترم الأول - 2027.pdf
83,التأسيس,دراسات,5,1,2027,,ملحق,ملحق التأسيس - دراسات - الصف الخامس الابتدائي - الترم الأول - 2027.pdf,50,25,36.25,16.25,True,61,library\Grade_05\ملحق التأسيس - دراسات - الصف الخامس الابتدائي - الترم الأول - 2027.pdf
84,التأسيس,عربي,5,1,2027,,ملحق,ملحق التأسيس - عربي - الصف الخامس الابتدائي - الترم الأول - 2027.pdf,50,25,36.25,16.25,True,62,library\Grade_05\ملحق التأسيس - عربي - الصف الخامس الابتدائي - الترم الأول - 2027.pdf
85,الشاطر,عربي,5,1,2027,,ملحق,ملحق الشاطر - عربي - الصف الخامس الابتدائي - الترم الأول - 2027.pdf,82,41,46.65,26.65,True,64,library\Grade_05\ملحق الشاطر - عربي - الصف الخامس الابتدائي - الترم الأول - 2027.pdf
86,,,5,1,2027,المتميزون,ملحق,ملحق الصف الخامس الابتدائي - الترم الأول - 2027 - المتميزون - بت باي بت.pdf,114,57,57.05,37.05,True,65,library\Grade_05\ملحق الصف الخامس الابتدائي - الترم الأول - 2027 - المتميزون - بت باي بت.pdf
87,المعاصر,انجليزي,5,1,2027,المتميزون,ملحق,ملحق المعاصر - انجليزي - الصف الخامس الابتدائي - الترم الأول - 2027 - المتميزون.pdf,46,23,34.95,14.95,True,68,library\Grade_05\ملحق المعاصر - انجليزي - الصف الخامس الابتدائي - الترم الأول - 2027 - المتميزون.pdf
88,جيم,انجليزي,5,1,2027,,ملحق,ملحق جيم - انجليزي - الصف الخامس الابتدائي - الترم الأول - 2027.pdf,73,36,43.4,23.4,True,70,library\Grade_05\ملحق جيم - انجليزي - الصف الخامس الابتدائي - الترم الأول - 2027.pdf
89,سلاح التلميذ,عربي,5,1,2027,,ملحق,ملحق سلاح التلميذ - عربي - الصف الخامس الابتدائي - الترم الأول - 2027.pdf,130,65,62.25,42.25,True,77,library\Grade_05\ملحق سلاح التلميذ - عربي - الصف الخامس الابتدائي - الترم الأول - 2027.pdf
90,الاضواء,دراسات,6,1,2027,المتميزون,كتاب,الاضواء - دراسات - الصف السادس الابتدائي - الترم الأول - 2027 - المتميزون.pdf,218,109,90.85,70.85,True,,library\Grade_06\الاضواء - دراسات - الصف السادس الابتدائي - الترم الأول - 2027 - المتميزون.pdf
91,الاضواء,دراسات,6,,,,كتاب,الاضواء - دراسات - الصف السادس الابتدائي.pdf,218,109,90.85,70.85,True,,library\Grade_06\الاضواء - دراسات - الصف السادس الابتدائي.pdf
92,الاضواء,رياضيات,6,1,2027,المتميزون,كتاب,الاضواء - رياضيات - الصف السادس الابتدائي - الترم الأول - 2027 - المتميزون.pdf,210,105,88.25,68.25,True,,library\Grade_06\الاضواء - رياضيات - الصف السادس الابتدائي - الترم الأول - 2027 - المتميزون.pdf
93,الاضواء,رياضيات,6,,,,كتاب,الاضواء - رياضيات - الصف السادس الابتدائي.pdf,210,105,88.25,68.25,True,,library\Grade_06\الاضواء - رياضيات - الصف السادس الابتدائي.pdf
94,الاضواء,عربي,6,1,2027,,كتاب,الاضواء - عربي - الصف السادس الابتدائي - الترم الأول - 2027.pdf,288,144,113.6,93.6,True,,library\Grade_06\الاضواء - عربي - الصف السادس الابتدائي - الترم الأول - 2027.pdf
95,التأسيس,دراسات,6,1,2027,المتميزون,كتاب,التأسيس - دراسات - الصف السادس الابتدائي - الترم الأول - 2027 - المتميزون.pdf,242,121,98.65,78.65,True,,library\Grade_06\التأسيس - دراسات - الصف السادس الابتدائي - الترم الأول - 2027 - المتميزون.pdf
96,التأسيس,عربي,6,1,2027,,كتاب,التأسيس - عربي - الصف السادس الابتدائي - الترم الأول - 2027.pdf,258,129,103.85,83.85,True,,library\Grade_06\التأسيس - عربي - الصف السادس الابتدائي - الترم الأول - 2027.pdf
97,الشاطر,رياضيات,6,1,2027,المتميزون,كتاب,الشاطر - رياضيات - الصف السادس الابتدائي - الترم الأول - 2027 - المتميزون.pdf,258,129,103.85,83.85,True,,library\Grade_06\الشاطر - رياضيات - الصف السادس الابتدائي - الترم الأول - 2027 - المتميزون.pdf
98,الشاطر,عربي,6,1,2027,المتميزون,كتاب,الشاطر - عربي - الصف السادس الابتدائي - الترم الأول - 2027 - المتميزون.pdf,242,121,98.65,78.65,True,,library\Grade_06\الشاطر - عربي - الصف السادس الابتدائي - الترم الأول - 2027 - المتميزون.pdf
99,,,6,1,2027,المتميزون,كتاب,الصف السادس الابتدائي - الترم الأول - 2027 - المتميزون - بت باي بت.pdf,242,121,98.65,78.65,True,,library\Grade_06\الصف السادس الابتدائي - الترم الأول - 2027 - المتميزون - بت باي بت.pdf
100,المعاصر,انجليزي,6,1,2027,المتميزون,كتاب,المعاصر - انجليزي - الصف السادس الابتدائي - الترم الأول - 2027 - المتميزون.pdf,276,138,109.7,89.7,True,,library\Grade_06\المعاصر - انجليزي - الصف السادس الابتدائي - الترم الأول - 2027 - المتميزون.pdf
101,,انجليزي,6,,,,كتاب,انجليزي - الصف السادس الابتدائي.pdf,276,138,109.7,89.7,True,,library\Grade_06\انجليزي - الصف السادس الابتدائي.pdf
102,جيم,,6,,,,كتاب,جيم - الصف السادس الابتدائي.pdf,272,136,108.4,88.4,True,,library\Grade_06\جيم - الصف السادس الابتدائي.pdf
103,,دراسات,6,1,2027,,كتاب,دراسات - الصف السادس الابتدائي - الترم الأول - 2027 - سندباد ا.pdf,326,163,125.95,105.95,True,,library\Grade_06\دراسات - الصف السادس الابتدائي - الترم الأول - 2027 - سندباد ا.pdf
104,سلاح التلميذ,,6,1,2027,المتميزون,كتاب,سلاح التلميذ - الصف السادس الابتدائي - الترم الأول - 2027 - المتميزون - دين.pdf,178,89,77.85,57.85,True,,library\Grade_06\سلاح التلميذ - الصف السادس الابتدائي - الترم الأول - 2027 - المتميزون - دين.pdf
105,سلاح التلميذ,,6,1,2027,المتميزون,كتاب,سلاح التلميذ - الصف السادس الابتدائي - الترم الأول - 2027 - المتميزون - كمبيوتر.pdf,130,65,62.25,42.25,True,,library\Grade_06\سلاح التلميذ - الصف السادس الابتدائي - الترم الأول - 2027 - المتميزون - كمبيوتر.pdf
106,سلاح التلميذ,دراسات,6,1,2027,المتميزون,كتاب,سلاح التلميذ - دراسات - الصف السادس الابتدائي - الترم الأول - 2027 - المتميزون.pdf,322,161,124.65,104.65,True,,library\Grade_06\سلاح التلميذ - دراسات - الصف السادس الابتدائي - الترم الأول - 2027 - المتميزون.pdf
107,سلاح التلميذ,رياضيات,6,1,2027,المتميزون,كتاب,سلاح التلميذ - رياضيات - الصف السادس الابتدائي - الترم الأول - 2027 - المتميزون.pdf,290,145,114.25,94.25,True,,library\Grade_06\سلاح التلميذ - رياضيات - الصف السادس الابتدائي - الترم الأول - 2027 - المتميزون.pdf
108,سلاح التلميذ,عربي,6,1,2027,المتميزون,كتاب,سلاح التلميذ - عربي - الصف السادس الابتدائي - الترم الأول - 2027 - المتميزون.pdf,290,145,114.25,94.25,True,,library\Grade_06\سلاح التلميذ - عربي - الصف السادس الابتدائي - الترم الأول - 2027 - المتميزون.pdf
109,سلاح التلميذ,علوم,6,1,2027,المتميزون,كتاب,سلاح التلميذ - علوم - الصف السادس الابتدائي - الترم الأول - 2027 - المتميزون.pdf,210,105,88.25,68.25,True,,library\Grade_06\سلاح التلميذ - علوم - الصف السادس الابتدائي - الترم الأول - 2027 - المتميزون.pdf
110,قطر الندى,علوم,6,,,,كتاب,قطر الندى - علوم - الصف السادس الابتدائي - احمد مراد.pdf,43,22,34.3,14.3,True,,library\Grade_06\قطر الندى - علوم - الصف السادس الابتدائي - احمد مراد.pdf
111,النخبة,تكنولوجيا المعلومات,6,,,,مراجعة,مراجعة النخبة - تكنولوجيا المعلومات - الصف السادس الابتدائي - الشامله في مراجعه النهائيه للصف.pdf,53,26,36.9,16.9,True,,library\Grade_06\مراجعة النخبة - تكنولوجيا المعلومات - الصف السادس الابتدائي - الشامله في مراجعه النهائيه للصف.pdf
112,الاضواء,دراسات,6,1,2027,المتميزون,ملحق,ملحق الاضواء - دراسات - الصف السادس الابتدائي - الترم الأول - 2027 - المتميزون.pdf,170,85,75.25,55.25,True,90,library\Grade_06\ملحق الاضواء - دراسات - الصف السادس الابتدائي - الترم الأول - 2027 - المتميزون.pdf
113,الاضواء,رياضيات,6,1,2027,المتميزون,ملحق,ملحق الاضواء - رياضيات - الصف السادس الابتدائي - الترم الأول - 2027 - المتميزون.pdf,82,41,46.65,26.65,True,92,library\Grade_06\ملحق الاضواء - رياضيات - الصف السادس الابتدائي - الترم الأول - 2027 - المتميزون.pdf
114,الاضواء,عربي,6,1,2027,,ملحق,ملحق الاضواء - عربي - الصف السادس الابتدائي - الترم الأول - 2027.pdf,98,49,51.85,31.85,True,94,library\Grade_06\ملحق الاضواء - عربي - الصف السادس الابتدائي - الترم الأول - 2027.pdf
115,التأسيس,دراسات,6,1,2027,المتميزون,ملحق,ملحق التأسيس - دراسات - الصف السادس الابتدائي - الترم الأول - 2027 - المتميزون.pdf,50,25,36.25,16.25,True,95,library\Grade_06\ملحق التأسيس - دراسات - الصف السادس الابتدائي - الترم الأول - 2027 - المتميزون.pdf
116,التأسيس,عربي,6,1,2027,,ملحق,ملحق التأسيس - عربي - الصف السادس الابتدائي - الترم الأول - 2027.pdf,50,25,36.25,16.25,True,96,library\Grade_06\ملحق التأسيس - عربي - الصف السادس الابتدائي - الترم الأول - 2027.pdf
117,الشاطر,عربي,6,1,2027,المتميزون,ملحق,ملحق الشاطر - عربي - الصف السادس الابتدائي - الترم الأول - 2027 - المتميزون.pdf,98,49,51.85,31.85,True,98,library\Grade_06\ملحق الشاطر - عربي - الصف السادس الابتدائي - الترم الأول - 2027 - المتميزون.pdf
118,,,6,1,2027,المتميزون,ملحق,ملحق الصف السادس الابتدائي - الترم الأول - 2027 - المتميزون - بت باي بت.pdf,114,57,57.05,37.05,True,99,library\Grade_06\ملحق الصف السادس الابتدائي - الترم الأول - 2027 - المتميزون - بت باي بت.pdf
119,المعاصر,انجليزي,6,1,2027,المتميزون,ملحق,ملحق المعاصر - انجليزي - الصف السادس الابتدائي - الترم الأول - 2027 - المتميزون.pdf,46,23,34.95,14.95,True,100,library\Grade_06\ملحق المعاصر - انجليزي - الصف السادس الابتدائي - الترم الأول - 2027 - المتميزون.pdf
120,المعاصر,انجليزي,6,,,,ملحق,ملحق المعاصر - انجليزي - الصف السادس الابتدائي.pdf,46,23,34.95,14.95,True,,library\Grade_06\ملحق المعاصر - انجليزي - الصف السادس الابتدائي.pdf
121,جيم,,6,1,2027,,ملحق,ملحق جيم - الصف السادس الابتدائي - الترم الأول - 2027.pdf,74,37,44.05,24.05,True,,library\Grade_06\ملحق جيم - الصف السادس الابتدائي - الترم الأول - 2027.pdf
122,سلاح التلميذ,عربي,6,1,2027,,ملحق,ملحق سلاح التلميذ - عربي - الصف السادس الابتدائي - الترم الأول - 2027.pdf,130,65,62.25,42.25,True,108,library\Grade_06\ملحق سلاح التلميذ - عربي - الصف السادس الابتدائي - الترم الأول - 2027.pdf
123,الاضواء,دراسات,7,1,2027,المتميزون,كتاب,الاضواء - دراسات - الصف الأول الإعدادي - الترم الأول - 2027 - المتميزون - الصف الاول الاعدادي الصف الاول الاعدادي الصف الاول الاعدادي.pdf,242,121,98.65,78.65,True,,library\Grade_07\الاضواء - دراسات - الصف الأول الإعدادي - الترم الأول - 2027 - المتميزون - الصف الاول الاعدادي الصف الاول الاعدادي.pdf
124,الاضواء,علوم,7,1,2027,المتميزون,كتاب,الاضواء - علوم - الصف الأول الإعدادي - الترم الأول - 2027 - المتميزون - الصف الاول الاعدادي الصف الاول الاعدادي الصف الاول الاعدادي.pdf,266,133,106.45,86.45,True,,library\Grade_07\الاضواء - علوم - الصف الأول الإعدادي - الترم الأول - 2027 - المتميزون - الصف الاول الاعدادي الصف الاول الاعدادي.pdf
125,الاضواء,دراسات,7,1,2027,المتميزون,ملحق,ملحق الاضواء - دراسات - الصف الأول الإعدادي - الترم الأول - 2027 - المتميزون - الصف الاول الاعدادي الصف الاول الاعدادي الصف الاول الاعدادي 1.pdf,116,58,57.7,37.7,True,123,library\Grade_07\ملحق الاضواء - دراسات - الصف الأول الإعدادي - الترم الأول - 2027 - المتميزون - الصف الاول الاعدادي الصف الاول الاعدادي 1.pdf
126,الاضواء,دراسات,7,1,2027,المتميزون,ملحق,ملحق الاضواء - دراسات - الصف الأول الإعدادي - الترم الأول - 2027 - المتميزون - الصف الاول الاعدادي الصف الاول الاعدادي الصف الاول الاعدادي 2.pdf,146,73,67.45,47.45,True,123,library\Grade_07\ملحق الاضواء - دراسات - الصف الأول الإعدادي - الترم الأول - 2027 - المتميزون - الصف الاول الاعدادي الصف الاول الاعدادي 2.pdf
127,الاضواء,علوم,7,1,2027,المتميزون,ملحق,ملحق الاضواء - علوم - الصف الأول الإعدادي - الترم الأول - 2027 - المتميزون - الصف الاول الاعدادي الصف الاول الاعدادي الصف الاول الاعدادي.pdf,228,114,94.1,74.1,True,124,library\Grade_07\ملحق الاضواء - علوم - الصف الأول الإعدادي - الترم الأول - 2027 - المتميزون - الصف الاول الاعدادي الصف الاول الاعدادي.pdf
128,الاضواء,دراسات,8,1,2027,,كتاب,الاضواء - دراسات - الصف الثاني الإعدادي - الترم الأول - 2027 - الصف الثاني الاعدادي الصف الثاني الاعدادي الصف الثاني الاعدادي.pdf,234,117,96.05,76.05,True,,library\Grade_08\الاضواء - دراسات - الصف الثاني الإعدادي - الترم الأول - 2027 - الصف الثاني الاعدادي الصف الثاني الاعدادي.pdf
129,الاضواء,علوم,8,1,2027,المتميزون,كتاب,الاضواء - علوم - الصف الثاني الإعدادي - الترم الأول - 2027 - المتميزون - الصف الثاني الاعدادي الصف الثاني الاعدادي الصف الثاني الاعدادي.pdf,242,121,98.65,78.65,True,,library\Grade_08\الاضواء - علوم - الصف الثاني الإعدادي - الترم الأول - 2027 - المتميزون - الصف الثاني الاعدادي الصف الثاني الاعدادي.pdf
130,جيم,انجليزي,8,1,2027,المتميزون,كتاب,جيم - انجليزي - الصف الثاني الإعدادي - الترم الأول - 2027 - المتميزون - الصف الثاني الاعدادي الصف الثاني الاعدادي الصف الثاني الاعدادي.pdf,306,153,119.45,99.45,True,,library\Grade_08\جيم - انجليزي - الصف الثاني الإعدادي - الترم الأول - 2027 - المتميزون - الصف الثاني الاعدادي الصف الثاني الاعدادي.pdf
131,سلاح التلميذ,دراسات,8,1,2027,المتميزون,كتاب,سلاح التلميذ - دراسات - الصف الثاني الإعدادي - الترم الأول - 2027 - المتميزون - الصف الثاني الاعدادي الصف الثاني الاعدادي الصف الثاني الاعدادي مفكره.pdf,98,49,51.85,31.85,True,,library\Grade_08\سلاح التلميذ - دراسات - الصف الثاني الإعدادي - الترم الأول - 2027 - المتميزون - الصف الثاني الاعدادي الصف الثاني الاعدادي مفكره.pdf
132,سلاح التلميذ,دراسات,8,1,2027,المتميزون,كتاب,سلاح التلميذ - دراسات - الصف الثاني الإعدادي - الترم الأول - 2027 - المتميزون - الصف الثاني الاعدادي الصف الثاني الاعدادي الصف الثاني الاعدادي.pdf,242,121,98.65,78.65,True,,library\Grade_08\سلاح التلميذ - دراسات - الصف الثاني الإعدادي - الترم الأول - 2027 - المتميزون - الصف الثاني الاعدادي الصف الثاني الاعدادي.pdf
133,سلاح التلميذ,عربي,8,1,2027,المتميزون,كتاب,سلاح التلميذ - عربي - الصف الثاني الإعدادي - الترم الأول - 2027 - المتميزون - الصف الثاني الاعدادي الصف الثاني الاعدادي الصف الثاني الاعدادي مفكره.pdf,17,8,25.2,5.2,True,,library\Grade_08\سلاح التلميذ - عربي - الصف الثاني الإعدادي - الترم الأول - 2027 - المتميزون - الصف الثاني الاعدادي الصف الثاني الاعدادي مفكره.pdf
134,سلاح التلميذ,عربي,8,1,2027,المتميزون,كتاب,سلاح التلميذ - عربي - الصف الثاني الإعدادي - الترم الأول - 2027 - المتميزون - الصف الثاني الاعدادي الصف الثاني الاعدادي الصف الثاني الاعدادي.pdf,322,161,124.65,104.65,True,,library\Grade_08\سلاح التلميذ - عربي - الصف الثاني الإعدادي - الترم الأول - 2027 - المتميزون - الصف الثاني الاعدادي الصف الثاني الاعدادي.pdf
135,الاضواء,دراسات,8,1,2027,,ملحق,ملحق الاضواء - دراسات - الصف الثاني الإعدادي - الترم الأول - 2027 - الصف الثاني الاعدادي الصف الثاني الاعدادي الصف الثاني الاعدادي 2.pdf,146,73,67.45,47.45,True,128,library\Grade_08\ملحق الاضواء - دراسات - الصف الثاني الإعدادي - الترم الأول - 2027 - الصف الثاني الاعدادي الصف الثاني الاعدادي 2.pdf
136,الاضواء,دراسات,8,1,2027,,ملحق,ملحق الاضواء - دراسات - الصف الثاني الإعدادي - الترم الأول - 2027 - الصف الثاني الاعدادي الصف الثاني الاعدادي الصف الثاني الاعدادي ا.pdf,114,57,57.05,37.05,True,128,library\Grade_08\ملحق الاضواء - دراسات - الصف الثاني الإعدادي - الترم الأول - 2027 - الصف الثاني الاعدادي الصف الثاني الاعدادي ا.pdf
137,الاضواء,علوم,8,1,2027,المتميزون,ملحق,ملحق الاضواء - علوم - الصف الثاني الإعدادي - الترم الأول - 2027 - المتميزون - الصف الثاني الاعدادي الصف الثاني الاعدادي الصف الثاني الاعدادي.pdf,228,114,94.1,74.1,True,129,library\Grade_08\ملحق الاضواء - علوم - الصف الثاني الإعدادي - الترم الأول - 2027 - المتميزون - الصف الثاني الاعدادي الصف الثاني الاعدادي.pdf
138,سلاح التلميذ,دراسات,8,1,2027,المتميزون,ملحق,ملحق سلاح التلميذ - دراسات - الصف الثاني الإعدادي - الترم الأول - 2027 - المتميزون - الصف الثاني الاعدادي الصف الثاني الاعدادي الصف الثاني الاعدادي.pdf,178,89,77.85,57.85,True,131,library\Grade_08\ملحق سلاح التلميذ - دراسات - الصف الثاني الإعدادي - الترم الأول - 2027 - المتميزون - الصف الثاني الاعدادي الصف الثاني الاعدادي.pdf
139,سلاح التلميذ,عربي,8,1,2027,المتميزون,ملحق,ملحق سلاح التلميذ - عربي - الصف الثاني الإعدادي - الترم الأول - 2027 - المتميزون - الصف الثاني الاعدادي الصف الثاني الاعدادي الصف الثاني الاعدادي.pdf,162,81,72.65,52.65,True,133,library\Grade_08\ملحق سلاح التلميذ - عربي - الصف الثاني الإعدادي - الترم الأول - 2027 - المتميزون - الصف الثاني الاعدادي الصف الثاني الاعدادي.pdf
140,الاضواء,عربي,10,1,2027,,كتاب,الاضواء - عربي - الصف الأول الثانوي - الترم الأول - 2027 - الصف الاول الثانوي الصف الاول الثانوي الصف الاول الثانوي تقيمات.pdf,50,25,36.25,16.25,True,,library\Grade_10\الاضواء - عربي - الصف الأول الثانوي - الترم الأول - 2027 - الصف الاول الثانوي الصف الاول الثانوي تقيمات.pdf
141,الاضواء,عربي,10,1,2027,,كتاب,الاضواء - عربي - الصف الأول الثانوي - الترم الأول - 2027 - الصف الاول الثانوي الصف الاول الثانوي الصف الاول الثانوي.pdf,314,157,122.05,102.05,True,,library\Grade_10\الاضواء - عربي - الصف الأول الثانوي - الترم الأول - 2027 - الصف الاول الثانوي الصف الاول الثانوي.pdf
142,,,10,1,2027,المتميزون,كتاب,الصف الأول الثانوي - الترم الأول - 2027 - المتميزون - الصف الاول الثانوي الصف الاول الثانوي الصف الاول الثانوي فسلفه.pdf,346,173,132.45,112.45,True,,library\Grade_10\الصف الأول الثانوي - الترم الأول - 2027 - المتميزون - الصف الاول الثانوي الصف الاول الثانوي فسلفه.pdf
143,المعاصر,انجليزي,10,1,2027,,كتاب,المعاصر - انجليزي - الصف الأول الثانوي - الترم الأول - 2027 - الصف الاول الثانوي الصف الاول الثانوي الصف الاول الثانوي.pdf,415,208,155.2,135.2,True,,library\Grade_10\المعاصر - انجليزي - الصف الأول الثانوي - الترم الأول - 2027 - الصف الاول الثانوي الصف الاول الثانوي.pdf
144,,دراسات,10,1,2027,المتميزون,كتاب,دراسات - الصف الأول الثانوي - الترم الأول - 2027 - المتميزون - الصف الاول الثانوي الصف الاول الثانوي الصف الاول الثانوي.pdf,266,133,106.45,86.45,True,,library\Grade_10\دراسات - الصف الأول الثانوي - الترم الأول - 2027 - المتميزون - الصف الاول الثانوي الصف الاول الثانوي.pdf
145,,فرنساوي,10,1,2027,المتميزون,كتاب,فرنساوي - الصف الأول الثانوي - الترم الأول - 2027 - المتميزون - الصف الاول الثانوي الصف الاول الثانوي الصف الاول الثانوي ميرسي.pdf,234,117,96.05,76.05,True,,library\Grade_10\فرنساوي - الصف الأول الثانوي - الترم الأول - 2027 - المتميزون - الصف الاول الثانوي الصف الاول الثانوي ميرسي.pdf
146,الاضواء,عربي,10,1,2027,,مراجعة,مراجعة الاضواء - عربي - الصف الأول الثانوي - الترم الأول - 2027 - الصف الاول الثانوي الصف الاول الثانوي الصف الاول الثانوي.pdf,162,81,72.65,52.65,True,140,library\Grade_10\مراجعة الاضواء - عربي - الصف الأول الثانوي - الترم الأول - 2027 - الصف الاول الثانوي الصف الاول الثانوي.pdf
147,المعاصر,انجليزي,10,1,2027,,ملحق,ملحق المعاصر - انجليزي - الصف الأول الثانوي - الترم الأول - 2027 - الصف الاول الثانوي الصف الاول الثانوي الصف الاول الثانوي 1.pdf,112,56,56.4,36.4,True,143,library\Grade_10\ملحق المعاصر - انجليزي - الصف الأول الثانوي - الترم الأول - 2027 - الصف الاول الثانوي الصف الاول الثانوي 1.pdf
148,المعاصر,انجليزي,10,1,2027,,ملحق,ملحق المعاصر - انجليزي - الصف الأول الثانوي - الترم الأول - 2027 - الصف الاول الثانوي الصف الاول الثانوي الصف الاول الثانوي 2.pdf,80,40,46.0,26.0,True,143,library\Grade_10\ملحق المعاصر - انجليزي - الصف الأول الثانوي - الترم الأول - 2027 - الصف الاول الثانوي الصف الاول الثانوي 2.pdf
149,الاضواء,عربي,12,,2027,,كتاب,الاضواء - عربي - الصف الثالث الثانوي - 2027 - كتاب A7M قناه كتب تالته ثانوي.pdf,386,193,145.45,125.45,True,,library\Grade_12\الاضواء - عربي - الصف الثالث الثانوي - 2027 - كتاب A7M قناه كتب تالته ثانوي.pdf
150,الامتحان,,12,,2027,المتميزون,كتاب,الامتحان - الصف الثالث الثانوي - 2027 - المتميزون - كيمياء اسئله.pdf,658,329,233.85,213.85,True,,library\Grade_12\الامتحان - الصف الثالث الثانوي - 2027 - المتميزون - كيمياء اسئله.pdf
151,المعاصر,انجليزي,12,1,2027,المتميزون,كتاب,المعاصر - انجليزي - الصف الثالث الثانوي - الترم الأول - 2027 - المتميزون.pdf,396,198,148.7,128.7,True,,library\Grade_12\المعاصر - انجليزي - الصف الثالث الثانوي - الترم الأول - 2027 - المتميزون.pdf
152,,انجليزي,12,,2027,المتميزون,كتاب,انجليزي - الصف الثالث الثانوي - 2027 - المتميزون - العمالقه انوي الجزء الاول.pdf,282,141,111.65,91.65,True,,library\Grade_12\انجليزي - الصف الثالث الثانوي - 2027 - المتميزون - العمالقه انوي الجزء الاول.pdf
153,,انجليزي,12,,2027,المتميزون,كتاب,انجليزي - الصف الثالث الثانوي - 2027 - المتميزون - العمالقه انوي الجزء التاني.pdf,278,139,110.35,90.35,True,,library\Grade_12\انجليزي - الصف الثالث الثانوي - 2027 - المتميزون - العمالقه انوي الجزء التاني.pdf
154,الامتحان,,12,,2027,المتميزون,حلول,حلول الامتحان - الصف الثالث الثانوي - 2027 - المتميزون - كيمياء اسئله.pdf,130,65,62.25,42.25,True,150,library\Grade_12\حلول الامتحان - الصف الثالث الثانوي - 2027 - المتميزون - كيمياء اسئله.pdf
155,المعاصر,,12,1,2027,,حلول,حلول المعاصر - الصف الثالث الثانوي - الترم الأول - 2027 - احصاء.pdf,70,35,42.75,22.75,True,,library\Grade_12\حلول المعاصر - الصف الثالث الثانوي - الترم الأول - 2027 - احصاء.pdf
156,التأسيس,,,,,,كتاب,التأسيس - لدكتور شهد هاني 202607222022 44193.pdf,37,18,31.7,11.7,True,,library\Grade_General\التأسيس - لدكتور شهد هاني 202607222022 44193.pdf
157,,,,1,2027,,كتاب,الترم الأول - 2027 - primary 2 1st term adel.pdf,181,90,78.5,58.5,True,,library\Grade_General\الترم الأول - 2027 - primary 2 1st term adel.pdf
158,المعاصر,,,,2027,,كتاب,المعاصر - 2027 - حل الوحده الاولي كامله من اولي اعدادي.pdf,24,12,27.8,7.8,True,,library\Grade_General\المعاصر - 2027 - حل الوحده الاولي كامله من اولي اعدادي.pdf
159,الشاطر,عربي,3,1,2027,,كتاب,الشاطر - عربي - الصف الثالث الابتدائي - الترم الأول - 2027 (1).pdf,210,105,88.25,68.25,True,,library\Grade_03\الشاطر - عربي - الصف الثالث الابتدائي - الترم الأول - 2027 (1).pdf
160,سلاح التلميذ,علوم,4,1,2027,,كتاب,سلاح التلميذ - علوم - الصف الرابع الابتدائي - الترم الأول - 2027 (1).pdf,210,105,88.25,68.25,True,,library\Grade_04\سلاح التلميذ - علوم - الصف الرابع الابتدائي - الترم الأول - 2027 (1).pdf
161,الاضواء,دراسات,5,1,2027,,كتاب,الاضواء - دراسات - الصف الخامس الابتدائي - الترم الأول - 2027 (1) (2).pdf,192,96,82.4,62.4,True,,library\Grade_05\الاضواء - دراسات - الصف الخامس الابتدائي - الترم الأول - 2027 (1) (2).pdf
162,الاضواء,دراسات,5,1,2027,,ملحق,ملحق الاضواء - دراسات - الصف الخامس الابتدائي - الترم الأول - 2027 (1) (2).pdf,144,72,66.8,46.8,True,161,library\Grade_05\ملحق الاضواء - دراسات - الصف الخامس الابتدائي - الترم الأول - 2027 (1) (2).pdf
